{"S":[0,0.25,0.5,0.75,1,1.25,1.5,1.75,2,2.25,2.5,2.75,3,3.25,3.5,3.75,4,4.25,4.5,4.75,5,5.25,5.5,5.75,6,6.25,6.5,6.75,7,7.25,7.5,7.75,8,8.25,8.5,8.75,9,9.25,9.5,9.75,10,10.25,10.5,10.75,11,11.25,11.5,11.75,12,12.25,12.5,12.75,13,13.25,13.5,13.75,14,14.25,14.5,14.75,15],"series":[{"label":"t=0","t":0,"V":[10,9.75,9.5,9.25,9,8.75,8.5,8.25,8,7.75,7.5,7.25,7,6.75,6.5,6.25,6,5.75,5.5,5.25,5,4.75,4.5,4.25,4,3.75,3.5,3.25,3,2.75,2.5,2.25,2,1.75,1.588274913108819,1.44904740533834,1.3192707253966889,1.1987240183082948,1.0871207412569026,0.9841232450470692,0.8893512930924765,0.802396970391281,0.7228272915558089,0.6501977844146909,0.5840602262744286,0.5239688731655905,0.46948575695222505,0.42018504239690735,0.37565648421389053,0.3355080539541013,0.2993678232428876,0.2668851972088391,0.23773159274851197,0.21160065270930795,0.18820808073676853,0.16729117359805445,0.14860811910965888,0.13193711896432203,0.1170753871785063,0.10383806683300245,0.09205710041342907]},{"label":"t=0.5","t":0.5,"V":[10,9.75,9.5,9.25,9,8.75,8.5,8.25,8,7.75,7.5,7.25,7,6.75,6.5,6.25,6,5.75,5.5,5.25,5,4.75,4.5,4.25,4,3.75,3.5,3.25,3,2.75,2.5,2.25,2,1.75,1.5156161397203487,1.3472386641229903,1.1913291643376374,1.0480614590045443,0.9173952172907534,0.799087223734551,0.6927209475614102,0.5977474024258389,0.5135009748726715,0.43923804438406266,0.3741684720749672,0.31748098888277676,0.2683654271521121,0.2260311403601023,0.1897214352281964,0.15872416666047395,0.13237885163819385,0.1100807716665535,0.0912825787527286,0.07549391735514865,0.0622795406419987,0.051256346561149524,0.0420896973265531,0.03448932192426263,0.028205039845719038,0.023022488392490215,0.018758987130612415]},{"label":"t=1","t":1,"V":[10,9.75,9.5,9.25,9,8.75,8.5,8.25,8,7.75,7.5,7.25,7,6.75,6.5,6.25,6,5.75,5.5,5.25,5,4.75,4.5,4.25,4,3.75,3.5,3.25,3,2.75,2.5,2.25,2,1.75,1.5,1.25,1,0.75,0.5,0.25,0,0,0,0,0,0,0,0,0,0,0,0,0,0,0,0,0,0,0,0,0]}],"payoff":[10,9.75,9.5,9.25,9,8.75,8.5,8.25,8,7.75,7.5,7.25,7,6.75,6.5,6.25,6,5.75,5.5,5.25,5,4.75,4.5,4.25,4,3.75,3.5,3.25,3,2.75,2.5,2.25,2,1.75,1.5,1.25,1,0.75,0.5,0.25,0,0,0,0,0,0,0,0,0,0,0,0,0,0,0,0,0,0,0,0,0]}