{"t":[0,0.025,0.05,0.075,0.1,0.125,0.15,0.175,0.2,0.225,0.25,0.275,0.3,0.325,0.35,0.375,0.4,0.425,0.45,0.475,0.5,0.525,0.55,0.575,0.6,0.625,0.65,0.675,0.7,0.725,0.75,0.775,0.8,0.825,0.85,0.875,0.9,0.925,0.95,0.975,1],"Sf":[7,7.037737351280276,7.075961696557311,7.114692390749298,7.153950105848459,7.1937569599195434,7.2341366628121335,7.2751146813122585,7.316718427000253,7.3589774707511495,7.401923788646685,7.44559204511104,7.490019920397773,7.535248491226753,7.581322675510435,7.628291754873715,7.67620999227555,7.725137366784535,7.775140453871301,7.826293488071584,7.878679656440357,7.932392687186467,7.987538820250189,8.044239278439205,8.102633403898972,8.162882692912616,8.225176065070116,8.289736862351294,8.3568323274845,8.426786727744773,8.5,8.57697505292423,8.658359213500127,8.745009960198885,8.838104996137774,8.939339828220179,9.051316701949487,9.178416163742252,9.329179606750063,9.525658350974743,10]}